,BMU,Udist,Ret_x,Ret_y,Cub_x,Cub_y,Cub_z,B_Pequeno,B_Médio,B_Grande,B_2 patas,B_4 patas,B_Pêlo,B_Casco,B_Juba,B_Pena,B_Caça,B_Corre,B_Voa,B_Nada
Babuino,199,0.0075195157,6,8,2,-10,8,0.999661,0.0,0.000339,0.999661,0.000339,0.999993,0.0,0.0,7e-06,1.0,0.999989,7e-06,0.0
Beija-Flor,98,0.47054228,1,4,-1,-3,4,0.7949,0.181192,0.007685,1.0,0.0,0.0,0.0,0.0,1.0,0.5,0.0,0.75,0.0
Onça,250,0.021744447,9,10,4,-14,10,0.000339,0.000335,0.999326,0.00067,0.99933,1.0,0.0,0.00067,0.0,1.0,0.999996,0.0,0.0
