,BMU,Udist,Ret_x,Ret_y,Cub_x,Cub_y,Cub_z,B_Small,B_Medium,B_Big,B_2 legs,B_4 legs,B_Hair,B_Hooves,B_Mane,B_Feather,B_Hunt,B_Run,B_Fly,B_Swin
Baboon,283,0.012235214,18,11,13,-24,11,0.999329,0.0,0.00067,0.999661,0.000339,0.999989,0.0,0.0,1.1e-05,0.999996,0.999985,7e-06,0.0
Hummingbird,322,0.4733185,9,13,3,-16,13,1.035891,0.002789,-0.103433,0.995079,0.004921,0.004921,0.00246,0.0,0.995079,0.004975,0.0,0.995079,0.0
Panther,238,0.015890906,21,9,17,-26,9,0.000339,4e-06,0.999658,0.00067,0.99933,1.0,0.0,0.000339,0.0,1.0,0.999996,0.0,0.0
